name,datetime,tempmax,tempmin,temp,feelslikemax,feelslikemin,feelslike,dew,humidity,precip,precipprob,precipcover,preciptype,snow,snowdepth,windgust,windspeed,winddir,sealevelpressure,cloudcover,visibility,solarradiation,solarenergy,uvindex,severerisk,sunrise,sunset,moonphase,conditions,description,icon,stations
Nepal,2023-07-01,78.8,69.6,73.3,78.8,69.6,73.3,69.3,87.7,0.165,100,4.17,rain,0,0,11.4,9.2,122.3,1011.2,85,4.5,71.1,5.9,3,10,2023-07-01T05:11:30,2023-07-01T19:03:30,0.43,"Rain, Partially cloudy",Partly cloudy throughout the day with late afternoon rain.,rain,"44454099999,VNKT,44449099999"
Nepal,2023-07-02,82.4,70.8,75.1,86.3,70.8,76.2,69.6,83.7,0.004,100,4.17,rain,0,0,15.7,10.3,213.2,1010.3,88,5.3,162.2,13.9,6,10,2023-07-02T05:11:52,2023-07-02T19:03:31,0.46,"Rain, Partially cloudy",Partly cloudy throughout the day with late afternoon rain.,rain,"44454099999,VNKT,remote,44449099999"
Nepal,2023-07-03,81.2,70.8,74.8,84.6,70.8,75.6,70.2,86.2,0.398,100,8.33,rain,0,0,15.7,10.3,187.2,1010.6,88,4.2,96.2,8.3,4,10,2023-07-03T05:12:15,2023-07-03T19:03:30,0.5,"Rain, Partially cloudy",Partly cloudy throughout the day with rain.,rain,"44454099999,VNKT,44449099999"
Nepal,2023-07-04,80.6,69.2,73.1,83.9,69.2,73.2,69.7,89.6,1.528,100,8.33,rain,0,0,12.5,5.8,115.3,1010.4,91,3.9,125.2,10.9,6,10,2023-07-04T05:12:38,2023-07-04T19:03:28,0.53,"Rain, Overcast",Cloudy skies throughout the day with rain.,rain,"44454099999,VNKT,44449099999"
Nepal,2023-07-05,80.6,69.8,73.5,83.3,69.8,73.7,69.1,87.1,1.103,100,8.33,rain,0,0,12.5,10.3,99.1,1010.7,80.1,4.6,121.7,10.6,6,10,2023-07-05T05:13:02,2023-07-05T19:03:24,0.56,"Rain, Partially cloudy",Partly cloudy throughout the day with rain.,rain,"44454099999,VNKT,44449099999"
Nepal,2023-07-06,84.4,69.4,76.6,89,69.4,77.7,68.8,77.4,0.008,100,4.17,rain,0,0,15.4,13.9,211.2,1011.5,79.4,5,184.9,15.9,7,10,2023-07-06T05:13:27,2023-07-06T19:03:20,0.6,"Rain, Partially cloudy",Partly cloudy throughout the day with late afternoon rain.,rain,"44454099999,VNKT,44449099999"
Nepal,2023-07-07,82.4,71.6,76.8,88.4,71.6,78.3,70.1,80.1,0.118,100,4.17,rain,0,0,24.2,12.8,196.9,1012.4,81.5,4.9,153.5,13.2,5,30,2023-07-07T05:13:52,2023-07-07T19:03:14,0.63,"Rain, Partially cloudy",Partly cloudy throughout the day with morning rain.,rain,"44454099999,VNKT,44449099999"
Nepal,2023-07-08,84.8,68.7,75.9,91.3,68.7,76.9,68.7,79,0.02,100,4.17,rain,0,0,17.4,40.4,198.2,1013.8,76.3,5.4,126.1,10.8,6,30,2023-07-08T05:14:19,2023-07-08T19:03:06,0.67,"Rain, Partially cloudy",Partly cloudy throughout the day with late afternoon rain.,rain,"44454099999,VNKT,44449099999"
Nepal,2023-07-09,85.6,69.5,77,93.1,69.5,78.4,70.1,80.3,0.008,100,4.17,rain,0,0,15,10.3,211.8,1012.8,85.4,4.9,123.7,10.6,5,30,2023-07-09T05:14:45,2023-07-09T19:02:57,0.7,"Rain, Partially cloudy",Partly cloudy throughout the day with late afternoon rain.,rain,"44454099999,VNKT,44449099999"
Nepal,2023-07-10,84.2,71.6,76.8,89.3,71.6,77.9,70.2,80.7,0,0,0,rain,0,0,15,11.4,189.2,1012,88.2,4.4,164.4,14.2,6,10,2023-07-10T05:15:12,2023-07-10T19:02:47,0.75,Partially cloudy,Partly cloudy throughout the day.,partly-cloudy-day,"44454099999,VNKT,44449099999"
Nepal,2023-07-11,84.6,71.2,76.2,89.7,71.2,77.2,70.3,82.9,1.418,100,8.33,rain,0,0,15.9,8.1,83.9,1011.6,86.7,4.1,175.7,15.1,6,30,2023-07-11T05:15:40,2023-07-11T19:02:36,0.77,"Rain, Partially cloudy",Partly cloudy throughout the day with rain.,rain,"44454099999,VNKT,44449099999"
Nepal,2023-07-12,82.8,70.1,75.8,88.9,70.1,76.8,70.8,85.1,0.067,100,4.17,rain,0,0,15.7,11.4,206.8,1011.4,85.6,4.1,119.1,10.2,6,30,2023-07-12T05:16:08,2023-07-12T19:02:23,0.81,"Rain, Partially cloudy",Partly cloudy throughout the day with late afternoon rain.,rain,"44454099999,VNKT,44449099999"
Nepal,2023-07-13,80.6,69.8,73.5,83.9,69.8,73.7,70.4,90.5,0.831,100,8.33,rain,0,0,17.7,10.3,275,1011.8,87.5,3.7,160.4,13.9,6,10,2023-07-13T05:16:37,2023-07-13T19:02:09,0.84,"Rain, Partially cloudy",Partly cloudy throughout the day with rain.,rain,"44454099999,VNKT,44449099999"
Nepal,2023-07-14,78.8,69.8,72.9,78.8,69.8,72.9,70.1,91.2,1.418,100,8.33,rain,0,0,13.2,5.8,110.5,1012.1,90.8,3.7,143.3,12.3,6,10,2023-07-14T05:17:06,2023-07-14T19:01:53,0.88,"Rain, Overcast",Cloudy skies throughout the day with rain.,rain,"44454099999,VNKT,44449099999"
Nepal,2023-07-15,80.6,69.8,75.3,84.2,69.8,75.9,70,84.1,1.24,100,8.33,rain,0,0,13,8.1,221.6,1011.8,86.7,4.4,155.2,13.4,6,30,2023-07-15T05:17:35,2023-07-15T19:01:36,0.91,"Rain, Partially cloudy",Partly cloudy throughout the day with rain.,rain,"44454099999,VNKT,44449099999"
Nepal,2023-07-16,81.8,71.2,75.4,87.8,71.2,75.8,70.5,85.4,0.043,100,4.17,rain,0,0,15.7,10.3,239.5,1010.9,86.9,4.3,194.7,16.8,8,30,2023-07-16T05:18:05,2023-07-16T19:01:18,0.95,"Rain, Partially cloudy",Partly cloudy throughout the day with late afternoon rain.,rain,"44454099999,VNKT,44449099999"
Nepal,2023-07-17,80.6,69.6,73.7,84.6,69.6,73.8,70.4,90.2,0.595,100,8.33,rain,0,0,13.9,11,191.8,1010.6,90.3,4,145.8,12.6,6,30,2023-07-17T05:18:35,2023-07-17T19:00:58,0.98,"Rain, Overcast",Cloudy skies throughout the day with rain.,rain,"44454099999,VNKT,44449099999"
Nepal,2023-07-18,82.4,68,73.1,86.3,68,73.3,69.5,89.4,2.555,100,8.33,rain,0,0,15.9,5.8,180.6,1011.5,89,4.4,119.1,10.3,5,10,2023-07-18T05:19:06,2023-07-18T19:00:37,0,"Rain, Partially cloudy",Partly cloudy throughout the day with rain.,rain,"44454099999,VNKT,44449099999"
Nepal,2023-07-19,86.4,70.8,76.1,92.8,70.8,77,70.1,83.3,0.122,100,8.33,rain,0,0,15,10.3,216.3,1010.7,87.4,4.7,192.3,16.7,9,10,2023-07-19T05:19:37,2023-07-19T19:00:15,0.05,"Rain, Partially cloudy",Partly cloudy throughout the day with rain.,rain,"44454099999,VNKT,44449099999"
Nepal,2023-07-20,86,71.1,77.1,94.3,71.1,78.3,71.6,84.1,0.11,100,4.17,rain,0,0,14.3,11.4,154.9,1010.3,70.7,4.8,239.2,20.8,9,30,2023-07-20T05:20:08,2023-07-20T18:59:51,0.08,"Rain, Partially cloudy",Partly cloudy throughout the day with late afternoon rain.,rain,"44454099999,VNKT,44449099999"
Nepal,2023-07-21,84.2,71.2,76.1,89.7,71.2,77,70.9,84.8,0.362,100,8.33,rain,0,0,14.3,11.4,201.3,1013,83.1,4.3,232.7,20.2,8,30,2023-07-21T05:20:39,2023-07-21T18:59:26,0.12,"Rain, Partially cloudy",Partly cloudy throughout the day with rain.,rain,"44454099999,VNKT,44449099999"
Nepal,2023-07-22,86.6,71.4,76.1,93.4,71.4,77.4,70.3,83.7,0.118,100,4.17,rain,0,0,25.3,13.9,177.3,1016.3,82.8,4.4,203.2,17.6,7,30,2023-07-22T05:21:10,2023-07-22T18:59:00,0.15,"Rain, Partially cloudy",Partly cloudy throughout the day with morning rain.,rain,"44454099999,VNKT,44449099999"
Nepal,2023-07-23,85.4,70.2,75.1,91,70.2,76.2,70.9,87.6,0.217,100,8.33,rain,0,0,15.7,10.3,169.2,1015.7,83.4,4.4,201.8,17.4,7,30,2023-07-23T05:21:42,2023-07-23T18:58:32,0.18,"Rain, Partially cloudy",Partly cloudy throughout the day with rain.,rain,"44454099999,VNKT,44449099999"
Nepal,2023-07-24,82.4,69.4,74.8,86.3,69.4,75.4,69.4,84.3,0.106,100,8.33,rain,0,0,15.4,10.3,193.1,1013.1,83.7,4.4,179.3,15.3,7,30,2023-07-24T05:22:14,2023-07-24T18:58:03,0.22,"Rain, Partially cloudy",Partly cloudy throughout the day with rain.,rain,"44454099999,VNKT,44449099999"
Nepal,2023-07-25,78.8,69.4,72.6,78.8,69.4,72.6,69,89.3,0.835,100,8.33,rain,0,0,14.5,8.1,81.2,1013.8,90.4,4.2,110.9,9.4,4,10,2023-07-25T05:22:46,2023-07-25T18:57:33,0.25,"Rain, Overcast",Cloudy skies throughout the day with rain.,rain,"44454099999,VNKT,44449099999"
Nepal,2023-07-26,82.4,69.8,74.8,85.2,69.8,75.1,68.8,82.3,0,0,0,rain,0,0,12.3,9.2,231.1,1013.9,85.6,4.7,168.2,14.6,6,10,2023-07-26T05:23:18,2023-07-26T18:57:01,0.25,Partially cloudy,Partly cloudy throughout the day.,partly-cloudy-day,"44454099999,VNKT,44449099999"
Nepal,2023-07-27,83.1,69.1,74.6,87.3,69.1,75,69.3,84.3,0.433,100,8.33,rain,0,0,15.4,9.2,262.6,1012.5,85.7,4.6,175.1,15.1,6,10,2023-07-27T05:23:50,2023-07-27T18:56:28,0.32,"Rain, Partially cloudy",Partly cloudy throughout the day with rain.,rain,"44454099999,VNKT,44449099999"
Nepal,2023-07-28,84.2,69.3,74.4,89.7,69.3,74.8,69.9,86.8,0.429,100,8.33,rain,0,0,12.5,8,230.5,1009.7,87.7,4.3,174.1,15.1,6,30,2023-07-28T05:24:22,2023-07-28T18:55:54,0.35,"Rain, Partially cloudy",Partly cloudy throughout the day with rain.,rain,"44454099999,VNKT,44449099999"
Nepal,2023-07-29,78.8,69.8,74.2,78.8,69.8,74.2,70.7,89,0.57,100,8.33,rain,0,0,14.5,10.3,220.8,1009.1,87.7,4.4,94.5,8.1,3,30,2023-07-29T05:24:54,2023-07-29T18:55:19,0.38,"Rain, Partially cloudy",Partly cloudy throughout the day with rain.,rain,"44454099999,VNKT,44449099999"
Nepal,2023-07-30,80.6,70.5,74.4,83.9,70.5,74.6,71,89.5,0.536,100,8.33,rain,0,0,15.7,11.4,226.6,1008.3,81.7,4.5,174.6,15.1,7,30,2023-07-30T05:25:27,2023-07-30T18:54:42,0.42,"Rain, Partially cloudy",Partly cloudy throughout the day with rain.,rain,"44454099999,VNKT,44449099999"
Nepal,2023-07-31,84.2,69.8,76.3,89.3,69.8,77.7,71.6,86.1,0.004,100,4.17,rain,0,0,16.6,9.2,179.7,1007.3,80.4,4.9,229.3,20,9,30,2023-07-31T05:25:59,2023-07-31T18:54:04,0.45,"Rain, Partially cloudy",Partly cloudy throughout the day with late afternoon rain.,rain,"44454099999,VNKT,44449099999"
Nepal,2023-08-01,86,70,76.3,93.8,70,77.7,71.7,86.8,1.059,100,4.17,rain,0,0,16.8,15,183.9,1007.2,85.3,4.6,190.8,16.6,8,30,2023-08-01T05:26:31,2023-08-01T18:53:25,0.48,"Rain, Partially cloudy",Partly cloudy throughout the day with morning rain.,rain,"44454099999,VNKT,44449099999"
Nepal,2023-08-02,84.6,70.6,76.5,90.3,70.6,78,71.2,84.7,0.709,100,4.17,rain,0,0,13.6,12.8,268,1007.4,88.2,5,166.8,14.3,6,30,2023-08-02T05:27:03,2023-08-02T18:52:45,0.5,"Rain, Partially cloudy",Partly cloudy throughout the day with morning rain.,rain,"44454099999,VNKT,44449099999"
Nepal,2023-08-03,82.4,72.3,76.4,87.2,72.3,77.1,71.6,85.7,0.079,100,4.17,rain,0,0,13.4,20.2,214.6,1007.6,85.5,5,152.9,13.2,5,10,2023-08-03T05:27:36,2023-08-03T18:52:04,0.55,"Rain, Partially cloudy",Partly cloudy throughout the day with late afternoon rain.,rain,"44454099999,VNKT,44449099999"
Nepal,2023-08-04,82.8,70.9,76.1,88.6,70.9,77.1,70.4,82.9,0,0,0,rain,0,0,17.9,12.8,197.5,1010,82.3,5.4,52.1,4.7,2,30,2023-08-04T05:28:08,2023-08-04T18:51:21,0.59,Partially cloudy,Partly cloudy throughout the day.,partly-cloudy-day,"44454099999,VNKT,44449099999"
Nepal,2023-08-05,82.4,70.1,74.8,86.3,70.1,75.2,69.5,84.4,0.079,100,4.17,rain,0,0,14.3,12.7,205.9,1011.3,85,4.6,122.9,10.8,4,10,2023-08-05T05:28:40,2023-08-05T18:50:38,0.62,"Rain, Partially cloudy",Partly cloudy throughout the day with late afternoon rain.,rain,"44454099999,VNKT,44449099999"
Nepal,2023-08-06,75.4,69.6,72.3,75.4,69.6,72.3,70.1,92.9,0.748,100,8.33,rain,0,0,13.2,8.1,359.8,1008.6,89,3.9,132.9,11.6,6,10,2023-08-06T05:29:12,2023-08-06T18:49:53,0.65,"Rain, Partially cloudy",Partly cloudy throughout the day with rain.,rain,"44454099999,VNKT,44449099999"
Nepal,2023-08-07,79.3,68.8,72.9,79.3,68.8,72.9,70.7,93.5,0.551,100,8.33,rain,0,0,15,10.3,144.5,1005.3,88,3.6,96.1,8.3,4,10,2023-08-07T05:29:44,2023-08-07T18:49:07,0.69,"Rain, Partially cloudy",Partly cloudy throughout the day with rain.,rain,"44454099999,VNKT,44449099999"
Nepal,2023-08-08,78.8,69.3,73.4,78.8,69.3,73.4,70.5,91.2,2.519,100,8.33,rain,0,0,17.2,9.2,171.3,1007.3,92.9,4.1,34.2,2.9,1,10,2023-08-08T05:30:15,2023-08-08T18:48:20,0.75,"Rain, Overcast",Cloudy skies throughout the day with rain.,rain,"44454099999,VNKT,44449099999"
Nepal,2023-08-09,80.6,71.2,74.8,84.6,71.2,75.4,71.2,89,0.252,100,4.17,rain,0,0,15.4,8,237,1010.7,88.2,4.2,141,12.3,6,10,2023-08-09T05:30:47,2023-08-09T18:47:33,0.76,"Rain, Partially cloudy",Partly cloudy throughout the day with late afternoon rain.,rain,"44454099999,VNKT,44449099999"
Nepal,2023-08-10,83.2,70.1,75.9,90,70.1,77.3,70.4,83.8,0.004,100,4.17,rain,0,0,15,13.9,203.1,1012.5,79.8,5.1,144.2,12.5,6,30,2023-08-10T05:31:19,2023-08-10T18:46:44,0.79,"Rain, Partially cloudy",Partly cloudy throughout the day with late afternoon rain.,rain,"44454099999,VNKT,44449099999"
Nepal,2023-08-11,84.1,71.4,75.9,90.1,71.4,76.6,70.7,84.8,0.087,100,4.17,rain,0,0,15,13.9,181.2,1012,84.5,4.4,159.4,13.7,7,30,2023-08-11T05:31:50,2023-08-11T18:45:54,0.82,"Rain, Partially cloudy",Partly cloudy throughout the day with late afternoon rain.,rain,"44454099999,VNKT,44449099999"
Nepal,2023-08-12,78.8,70.6,73.1,78.8,70.6,73.1,71.9,96,1.965,100,8.33,rain,0,0,14.1,6.9,276.7,1009.8,89,3.7,81.4,7.2,6,10,2023-08-12T05:32:21,2023-08-12T18:45:03,0.86,"Rain, Partially cloudy",Partly cloudy throughout the day with rain.,rain,"44454099999,VNKT,44449099999"
Nepal,2023-08-13,71.6,66.9,70.1,71.6,66.9,70.1,69.2,97.2,1.52,100,8.33,rain,0,0,19,9.2,177.7,1010.4,93.5,3.4,32.6,2.8,2,10,2023-08-13T05:32:52,2023-08-13T18:44:11,0.89,"Rain, Overcast",Cloudy skies throughout the day with rain.,rain,"44454099999,VNKT,44449099999"
Nepal,2023-08-14,75.2,66.9,71.1,75.2,66.9,71.1,67.4,88.6,0.039,100,4.17,rain,0,0,15,5.8,284,1013.3,89.3,4,136.8,11.8,7,10,2023-08-14T05:33:23,2023-08-14T18:43:18,0.93,"Rain, Partially cloudy",Partly cloudy throughout the day with late afternoon rain.,rain,"44454099999,VNKT,44449099999"
Nepal,2023-08-15,84.3,67.8,75.2,88.5,67.8,76.5,69.4,83.1,0,0,0,rain,0,0,16.8,18.3,271,1012.6,72.4,4.3,189.6,16.5,7,30,2023-08-15T05:33:54,2023-08-15T18:42:24,0.96,Partially cloudy,Partly cloudy throughout the day.,partly-cloudy-day,"44454099999,VNKT,44449099999"
Nepal,2023-08-16,82.4,69.4,75.9,87.2,69.4,76.7,70.2,83.3,0,0,0,rain,0,0,15.7,8.1,243.1,1012,74.9,4.4,201.5,17.4,6,30,2023-08-16T05:34:25,2023-08-16T18:41:30,0,Partially cloudy,Partly cloudy throughout the day.,partly-cloudy-day,"44454099999,VNKT,44449099999"
Nepal,2023-08-17,87.8,70.5,77.8,93.7,70.5,79.6,70,78,0.114,100,4.17,rain,0,0,18.6,10.3,197.5,1012.5,78.3,5.1,224.8,19.6,9,30,2023-08-17T05:34:55,2023-08-17T18:40:34,0.03,"Rain, Partially cloudy",Partly cloudy throughout the day with late afternoon rain.,rain,"44454099999,VNKT,44449099999"
Nepal,2023-08-18,84.2,70.5,76.3,89.7,70.5,77.4,70.7,83.7,0.283,100,4.17,rain,0,0,14.5,8.1,193.6,1013.3,75.8,4.6,190.4,16.4,7,30,2023-08-18T05:35:26,2023-08-18T18:39:38,0.06,"Rain, Partially cloudy",Partly cloudy throughout the day with late afternoon rain.,rain,"44454099999,VNKT,44449099999"
Nepal,2023-08-19,86,71.9,77.5,94.4,71.9,79.2,70.8,80.9,0.008,100,4.17,rain,0,0,15,12.7,207,1013.7,85.9,4.6,187.6,16.2,7,30,2023-08-19T05:35:56,2023-08-19T18:38:41,0.1,"Rain, Partially cloudy",Partly cloudy throughout the day with late afternoon rain.,rain,"44454099999,VNKT,44449099999"
Nepal,2023-08-20,84.6,70.3,76.1,89.1,70.3,77,69.5,81.1,0.063,100,4.17,rain,0,0,13.9,11.4,182.6,1014.2,77.6,4.6,144.5,12.6,6,30,2023-08-20T05:36:26,2023-08-20T18:37:43,0.13,"Rain, Partially cloudy",Partly cloudy throughout the day with late afternoon rain.,rain,"44454099999,VNKT,44449099999"
Nepal,2023-08-21,75.2,68,70.8,75.2,68,70.8,69.6,96.1,1.65,100,8.33,rain,0,0,9.8,6.9,162.9,1013,93.8,3,54.8,4.7,2,10,2023-08-21T05:36:56,2023-08-21T18:36:44,0.17,"Rain, Overcast",Cloudy skies throughout the day with rain.,rain,"44454099999,VNKT,44449099999"
Nepal,2023-08-22,80.6,68,71.8,83.3,68,71.9,68.6,90.5,0.295,100,4.17,rain,0,0,11.4,10.3,171.3,1012.3,91.3,4.1,103.5,8.9,5,10,2023-08-22T05:37:25,2023-08-22T18:35:44,0.2,"Rain, Overcast",Cloudy skies throughout the day with morning rain.,rain,"44454099999,VNKT,44449099999"
Nepal,2023-08-23,73.4,68,70.1,73.4,68,70.1,69.3,97.1,1.39,100,8.33,rain,0,0,11.2,5.8,290.4,1010.8,92.2,2.8,72.2,6.2,3,10,2023-08-23T05:37:55,2023-08-23T18:34:44,0.23,"Rain, Overcast",Cloudy skies throughout the day with rain.,rain,"44454099999,VNKT,44449099999"
Nepal,2023-08-24,80.6,69,72.8,83.3,69,72.9,69.9,91.2,0.618,100,4.17,rain,0,0,12.1,9.2,209.2,1008,90.1,3.7,48.9,4.2,2,10,2023-08-24T05:38:24,2023-08-24T18:33:43,0.25,"Rain, Overcast",Cloudy skies throughout the day with morning rain.,rain,"44454099999,VNKT,44449099999"
Nepal,2023-08-25,77,68.8,71.2,77,68.8,71.2,69.9,95.7,0.748,100,8.33,rain,0,0,13.2,11,105.6,1008,92.2,3.6,75.9,6.6,4,10,2023-08-25T05:38:53,2023-08-25T18:32:41,0.3,"Rain, Overcast",Cloudy skies throughout the day with rain.,rain,"44454099999,VNKT,44449099999"
Nepal,2023-08-26,78.8,68,72.6,78.8,68,72.6,69.5,90.6,0.559,100,8.33,rain,0,0,12.5,12.7,259.3,1008.1,92.8,4.2,58.3,5.1,2,10,2023-08-26T05:39:22,2023-08-26T18:31:39,0.34,"Rain, Overcast",Cloudy skies throughout the day with rain.,rain,"44454099999,VNKT,44449099999"
Nepal,2023-08-27,83.2,69.3,74.8,88.9,69.3,75.6,69,83.1,0.024,100,4.17,rain,0,0,18.8,11.4,244.4,1007.3,84.2,4.9,199,17.2,8,30,2023-08-27T05:39:51,2023-08-27T18:30:36,0.37,"Rain, Partially cloudy",Partly cloudy throughout the day with late afternoon rain.,rain,"44454099999,VNKT,44449099999"
Nepal,2023-08-28,84.6,66.7,75.5,88,66.7,76.1,67,76.4,0.028,100,4.17,rain,0,0,16.6,12.8,225.1,1008.5,69.7,4.5,204.7,17.6,8,10,2023-08-28T05:40:20,2023-08-28T18:29:33,0.4,"Rain, Partially cloudy",Partly cloudy throughout the day with early morning rain.,rain,"44454099999,VNKT,44449099999"
Nepal,2023-08-29,84.2,67.2,74.8,85.8,67.2,75.2,67.1,78,0.004,100,4.17,rain,0,0,15.2,11.4,258.1,1011.4,86,5,206.7,17.8,7,10,2023-08-29T05:40:49,2023-08-29T18:28:29,0.44,"Rain, Partially cloudy",Partly cloudy throughout the day with early morning rain.,rain,"44454099999,VNKT,remote,44449099999"
Nepal,2023-08-30,84.8,69,76.2,90,69,77.3,68.6,78.2,0.118,100,8.33,rain,0,0,14.1,9.2,237.6,1013.6,75.5,4.2,223.4,19.2,8,10,2023-08-30T05:41:17,2023-08-30T18:27:24,0.47,"Rain, Partially cloudy",Partly cloudy throughout the day with rain.,rain,"44454099999,VNKT,44449099999"
Nepal,2023-08-31,82.4,70.5,75.7,86.3,70.5,76.3,69.2,80.9,0,0,0,rain,0,0,13.6,8.1,248.9,1014.7,81,4.2,192,16.8,7,10,2023-08-31T05:41:45,2023-08-31T18:26:19,0.5,Partially cloudy,Partly cloudy throughout the day.,partly-cloudy-day,"44454099999,VNKT,44449099999"
Nepal,2023-09-01,84.9,70.1,76.5,90.6,70.1,77.8,69.8,80.5,0,0,0,rain,0,0,16.3,12.8,240.7,1014,71.1,4.3,228.5,19.8,7,30,2023-09-01T05:42:13,2023-09-01T18:25:13,0.54,Partially cloudy,Partly cloudy throughout the day.,partly-cloudy-day,"44454099999,VNKT,44449099999"
Nepal,2023-09-02,87.2,70.3,77.5,95.1,70.3,79.2,70.8,80.6,0,0,0,rain,0,0,15,14.6,209.6,1012.8,78.5,4.4,201.4,17.2,7,60,2023-09-02T05:42:41,2023-09-02T18:24:07,0.57,Partially cloudy,Partly cloudy throughout the day.,partly-cloudy-day,"44454099999,VNKT,44449099999"
Nepal,2023-09-03,86,70,77,92,70,78.5,70.8,81.8,0.161,100,8.33,rain,0,0,17.7,10.3,261.4,1012.4,81.5,4.2,207.1,17.9,8,60,2023-09-03T05:43:09,2023-09-03T18:23:01,0.61,"Rain, Partially cloudy",Partly cloudy throughout the day with rain.,rain,"44454099999,VNKT,44449099999"
Nepal,2023-09-04,86,66.9,75.7,88.4,66.9,76.3,66.2,73.3,0,0,0,rain,0,0,17.4,10.3,146.6,1012.8,83.7,5.4,198.1,17.1,8,30,2023-09-04T05:43:37,2023-09-04T18:21:54,0.64,Partially cloudy,Partly cloudy throughout the day.,partly-cloudy-day,"44454099999,VNKT,44449099999"
Nepal,2023-09-05,82.4,70.8,76.4,85.4,70.8,77.3,68.5,77.4,0,0,0,,0,0,13.9,5.8,109.6,1013.4,86.4,4.8,166.4,14.4,6,30,2023-09-05T05:44:05,2023-09-05T18:20:46,0.67,Partially cloudy,Partly cloudy throughout the day.,partly-cloudy-day,"44454099999,VNKT,44449099999"
Nepal,2023-09-06,87.8,67.3,77,92.4,67.3,78,67.7,74.4,0,0,0,rain,0,0,14.5,9.2,229.6,1014.2,83.2,5.1,226.4,19.4,8,30,2023-09-06T05:44:33,2023-09-06T18:19:38,0.71,Partially cloudy,Partly cloudy throughout the day.,partly-cloudy-day,"44454099999,VNKT,44449099999"
Nepal,2023-09-07,87.8,65.9,74.9,91.5,65.9,75.9,67.8,80.3,0.276,100,4.17,rain,0,0,18.3,9.2,261.1,1014.2,81,4.9,220.5,18.9,9,30,2023-09-07T05:45:00,2023-09-07T18:18:30,0.75,"Rain, Partially cloudy",Partly cloudy throughout the day with morning rain.,rain,"44454099999,VNKT,44449099999"
Nepal,2023-09-08,80.6,68.8,73.6,83.9,68.8,73.7,69.5,87.7,2.492,100,8.33,rain,0,0,16.8,9.2,42.7,1014.1,88,4.8,158.9,13.7,7,10,2023-09-08T05:45:28,2023-09-08T18:17:22,0.77,"Rain, Partially cloudy",Partly cloudy throughout the day with rain.,rain,"44454099999,VNKT,44449099999"
Nepal,2023-09-09,81,69.8,73.6,83.9,69.8,73.7,69.3,87.1,0.043,100,4.17,rain,0,0,23.7,10.3,140.9,1013.5,87.5,5,95.3,8.2,5,10,2023-09-09T05:45:55,2023-09-09T18:16:13,0.81,"Rain, Partially cloudy",Partly cloudy throughout the day with late afternoon rain.,rain,"44454099999,VNKT,44449099999"
Nepal,2023-09-10,84.2,68.8,75.3,88.5,68.8,76.4,69.2,82.6,0.071,100,4.17,rain,0,0,15.7,11.4,222.3,1012,80.8,4.8,176.5,15.3,8,30,2023-09-10T05:46:22,2023-09-10T18:15:04,0.84,"Rain, Partially cloudy",Partly cloudy throughout the day with late afternoon rain.,rain,"44454099999,VNKT,44449099999"
Nepal,2023-09-11,84.2,68.7,75.6,88.5,68.7,76.6,69.5,82.6,1.583,100,4.17,rain,0,0,14.8,9.2,228.4,1011.1,78.7,4.4,205.6,17.9,7,30,2023-09-11T05:46:50,2023-09-11T18:13:55,0.87,"Rain, Partially cloudy",Partly cloudy throughout the day with morning rain.,rain,"44454099999,VNKT,44449099999"
Nepal,2023-09-12,82.4,68.5,73.4,86.3,68.5,73.9,69.5,88.4,1.969,100,8.33,rain,0,0,11.9,13.9,166.9,1011.7,88.6,3.6,168.9,14.6,6,30,2023-09-12T05:47:17,2023-09-12T18:12:45,0.91,"Rain, Partially cloudy",Partly cloudy throughout the day with rain.,rain,"44454099999,VNKT,44449099999"
Nepal,2023-09-13,87.8,66.9,75.7,92.8,66.9,77,69.5,82.9,0.811,100,8.33,rain,0,0,12.5,12.7,192.8,1012.4,72.7,4.6,223.7,19.3,8,60,2023-09-13T05:47:44,2023-09-13T18:11:36,0.94,"Rain, Partially cloudy",Partly cloudy throughout the day with rain.,rain,"44454099999,VNKT,44449099999"
Nepal,2023-09-14,86.3,67.8,76.2,92.7,67.8,77.5,70,82.6,1.551,100,4.17,rain,0,0,13,10.3,284.8,1013.8,67.8,5.3,201.6,17.4,8,60,2023-09-14T05:48:12,2023-09-14T18:10:26,0.97,"Rain, Partially cloudy",Partly cloudy throughout the day with morning rain.,rain,"44454099999,VNKT,remote,44449099999"
Nepal,2023-09-15,86,69.8,77.6,92.5,69.8,79,70.1,79,0,0,0,rain,0,0,14.5,14.7,212,1014.7,72.7,5.9,205.2,17.5,7,60,2023-09-15T05:48:39,2023-09-15T18:09:16,0,Partially cloudy,Partly cloudy throughout the day.,partly-cloudy-day,"44454099999,VNKT,44449099999"
Nepal,2023-09-16,86,69.8,77,89.5,69.8,78,68.5,76.2,0,0,0,rain,0,0,15.2,11.4,169.2,1015.2,61.5,4.9,204.5,17.5,8,60,2023-09-16T05:49:06,2023-09-16T18:08:06,0.04,Partially cloudy,Partly cloudy throughout the day.,partly-cloudy-day,"44454099999,VNKT"
Nepal,2023-09-17,86,71.3,75.9,90.6,71.3,76.8,68.4,78.8,0.362,100,4.17,rain,0,0,14.5,10.3,228.2,1014,80.3,4.8,220.4,19.2,8,30,2023-09-17T05:49:34,2023-09-17T18:06:55,0.08,"Rain, Partially cloudy",Partly cloudy throughout the day with late afternoon rain.,rain,"44454099999,VNKT,44449099999"
Nepal,2023-09-18,84.2,67.9,75.6,84.8,67.9,76,65.5,72.7,0,0,0,rain,0,0,14.8,10.3,122.2,1014,59.2,5.3,223.4,19.1,8,10,2023-09-18T05:50:01,2023-09-18T18:05:45,0.11,Partially cloudy,Partly cloudy throughout the day.,partly-cloudy-day,"44454099999,VNKT,44449099999"
Nepal,2023-09-19,84.6,67.9,73.4,88.3,67.9,73.8,66.9,80.9,0.276,100,4.17,rain,0,0,14.3,13.9,94.5,1015.7,69.6,5,200.7,17.3,7,10,2023-09-19T05:50:29,2023-09-19T18:04:35,0.15,"Rain, Partially cloudy",Partly cloudy throughout the day with late afternoon rain.,rain,"44454099999,VNKT,44449099999"
Nepal,2023-09-20,82.4,69.7,74.7,85.4,69.7,75.2,66.9,77.6,0.012,100,4.17,rain,0,0,15,10.3,280.6,1015.7,79.7,5.3,186,16,7,10,2023-09-20T05:50:56,2023-09-20T18:03:25,0.18,"Rain, Partially cloudy",Partly cloudy throughout the day with late afternoon rain.,rain,"44454099999,VNKT,44449099999"
Nepal,2023-09-21,83.1,68.8,74.5,86.3,68.8,75.1,67.5,79.8,0,0,0,rain,0,0,16.1,15,233.8,1014.8,83.5,4.8,156.6,13.3,5,10,2023-09-21T05:51:24,2023-09-21T18:02:14,0.22,Partially cloudy,Partly cloudy throughout the day.,partly-cloudy-day,"44454099999,VNKT,44449099999"
Nepal,2023-09-22,80.6,68.8,72.9,83.9,68.8,73.2,67.6,84.1,0,0,0,rain,0,0,15.7,10.3,214.3,1014.7,87.2,4.8,80.1,6.9,5,10,2023-09-22T05:51:52,2023-09-22T18:01:04,0.25,Partially cloudy,Partly cloudy throughout the day.,partly-cloudy-day,"44454099999,VNKT,44449099999"
Nepal,2023-09-23,82.4,68.8,73.4,86.3,68.8,73.7,67.9,83.6,0.099,100,8.33,rain,0,0,18.8,12.8,183.6,1014.4,88,4.8,87.9,7.4,5,10,2023-09-23T05:52:20,2023-09-23T17:59:54,0.25,"Rain, Partially cloudy",Partly cloudy throughout the day with rain.,rain,"44454099999,VNKT,44449099999"
Nepal,2023-09-24,79.5,66.7,71.5,79.5,66.7,71.5,66.8,86,0.732,100,8.33,rain,0,0,13.6,9.2,235.2,1014.1,88.2,4.9,108.6,9.4,4,10,2023-09-24T05:52:48,2023-09-24T17:58:44,0.32,"Rain, Partially cloudy",Partly cloudy throughout the day with rain.,rain,"44454099999,VNKT,44449099999"
Nepal,2023-09-25,78.9,66.9,72.8,78.9,66.9,72.8,65.8,79.5,0,0,0,rain,0,0,18.3,10.3,218.4,1015,80.7,6.3,119.3,10.4,4,10,2023-09-25T05:53:16,2023-09-25T17:57:34,0.36,Partially cloudy,Partly cloudy throughout the day.,partly-cloudy-day,"44454099999,VNKT,44449099999"
Nepal,2023-09-26,84.3,68,74.6,89.8,68,75.3,67.1,78.7,0,0,0,rain,0,0,14.8,10.3,208,1015.3,69.2,5.2,214.4,18.5,8,10,2023-09-26T05:53:44,2023-09-26T17:56:24,0.39,Partially cloudy,Partly cloudy throughout the day.,partly-cloudy-day,"44454099999,VNKT,44449099999"
Nepal,2023-09-27,84.3,68.8,75,89.3,68.8,75.7,67.8,79.4,0.004,100,4.17,rain,0,0,17,12.8,245.8,1015.5,74.6,4.9,207.5,18,7,30,2023-09-27T05:54:12,2023-09-27T17:55:15,0.42,"Rain, Partially cloudy",Partly cloudy throughout the day with morning rain.,rain,"44454099999,VNKT,44449099999"
Nepal,2023-09-28,86,66.5,74.9,87.5,66.5,75.3,67.7,79.7,0,0,0,rain,0,0,13.2,15,216.1,1015.1,59,5.2,210.4,18,8,30,2023-09-28T05:54:41,2023-09-28T17:54:05,0.46,Partially cloudy,Partly cloudy throughout the day.,partly-cloudy-day,"44454099999,VNKT,remote,44449099999"
Nepal,2023-09-29,84.2,68.7,74.9,87.5,68.7,75.8,67.7,79.2,0.205,100,8.33,rain,0,0,15,10.3,161.4,1015.8,64.5,4.9,213.5,18.3,8,30,2023-09-29T05:55:10,2023-09-29T17:52:56,0.5,"Rain, Partially cloudy",Partly cloudy throughout the day with rain.,rain,"44454099999,VNKT,44449099999"
Nepal,2023-09-30,81.6,66.7,72.7,84.3,66.7,73.1,66.3,81.4,0,0,0,rain,0,0,15.2,10.3,188.4,1015.6,86.9,4.7,188.4,16.2,7,10,2023-09-30T05:55:39,2023-09-30T17:51:47,0.53,Partially cloudy,Partly cloudy throughout the day.,partly-cloudy-day,"44454099999,VNKT,44449099999"
Nepal,2023-10-01,82.4,69,72.7,84.7,69,73.2,67.9,85.6,0.473,100,8.33,rain,0,0,14.8,10.3,181.8,1014.3,89,4.5,136.4,11.8,6,10,2023-10-01T05:56:08,2023-10-01T17:50:39,0.56,"Rain, Partially cloudy",Partly cloudy throughout the day with rain.,rain,"44454099999,VNKT,44449099999"
Nepal,2023-10-02,75.9,66.1,70.1,75.9,66.1,70.1,67.8,92.6,0.551,100,8.33,rain,0,0,11.2,6.9,249,1015.3,90.9,3.8,29.9,2.5,1,10,2023-10-02T05:56:38,2023-10-02T17:49:30,0.59,"Rain, Overcast",Cloudy skies throughout the day with rain.,rain,"44454099999,VNKT,44449099999"
Nepal,2023-10-03,79.5,66.2,70,79.5,66.2,70,67.7,93,0.846,100,4.17,rain,0,0,14.1,9.2,260.7,1015.3,88.5,4,94.7,8.2,5,10,2023-10-03T05:57:07,2023-10-03T17:48:22,0.63,"Rain, Partially cloudy",Partly cloudy throughout the day with late afternoon rain.,rain,"44454099999,VNKT,44449099999"
Nepal,2023-10-04,71.6,67.2,68.7,71.6,67.2,68.7,67.8,97,0.83,100,8.33,rain,0,0,16.6,6.9,331,1015.3,91.3,3.7,47.4,4.1,2,10,2023-10-04T05:57:37,2023-10-04T17:47:15,0.66,"Rain, Overcast",Cloudy skies throughout the day with rain.,rain,"44454099999,VNKT,44449099999"
Nepal,2023-10-05,80.7,64.1,72.1,84,64.1,72.4,66.4,83.4,0.118,100,4.17,rain,0,0,19.5,18.3,268,1014.2,60.4,5.1,161.2,13.9,7,30,2023-10-05T05:58:08,2023-10-05T17:46:08,0.69,"Rain, Partially cloudy",Partly cloudy throughout the day with late afternoon rain.,rain,"44454099999,VNKT,44449099999"
Nepal,2023-10-06,78.3,67,71.4,78.3,67,71.4,66.4,84.9,0,0,0,rain,0,0,13.6,15,213,1014.1,86.3,4.9,185.6,16,7,10,2023-10-06T05:58:38,2023-10-06T17:45:01,0.75,Partially cloudy,Partly cloudy throughout the day.,partly-cloudy-day,"44454099999,VNKT,44449099999"
Nepal,2023-10-07,79.5,67,72.1,79.5,67,72.1,65.7,80.9,0,0,0,rain,0,0,17,10.3,237.9,1015.3,73.7,4.8,173.1,15,6,10,2023-10-07T05:59:09,2023-10-07T17:43:55,0.76,Partially cloudy,Partly cloudy throughout the day.,partly-cloudy-day,"44454099999,VNKT,44449099999"
Nepal,2023-10-08,80.8,64.6,71.7,83.2,64.6,72,64.4,79.1,0,0,0,rain,0,0,16.3,13.9,239.6,1015.7,52.6,4.6,186.6,16.2,7,10,2023-10-08T05:59:40,2023-10-08T17:42:49,0.79,Partially cloudy,Partly cloudy throughout the day.,partly-cloudy-day,"44454099999,VNKT,44449099999"
Nepal,2023-10-09,80.7,61.1,70.7,83.1,61.1,70.8,63.8,79.8,0,0,0,rain,0,0,13.9,9.2,257.5,1016.8,55.3,3.9,171.6,14.6,6,10,2023-10-09T06:00:12,2023-10-09T17:41:43,0.82,Partially cloudy,Partly cloudy throughout the day.,partly-cloudy-day,"44454099999,VNKT,44449099999"
Nepal,2023-10-10,81,64,71.7,83.6,64,71.9,64.8,80.2,0,0,0,rain,0,0,17.4,32.2,215.7,1017.8,55.3,3.5,144.3,12.6,5,30,2023-10-10T06:00:44,2023-10-10T17:40:39,0.85,Partially cloudy,Partly cloudy throughout the day.,wind,"44454099999,VNKT,44449099999"
Nepal,2023-10-11,80.1,62.3,70.8,81,62.3,70.9,62.6,76.5,0,0,0,rain,0,0,15.4,10.3,239.7,1017.7,46,3.9,173,15,7,10,2023-10-11T06:01:16,2023-10-11T17:39:35,0.89,Partially cloudy,Becoming cloudy in the afternoon.,partly-cloudy-day,"44454099999,VNKT,44449099999"
Nepal,2023-10-12,80.6,63.6,70,81.5,63.6,70,62.1,77,0,0,0,rain,0,0,14.1,10.3,165.8,1019.4,56.7,4.1,200.3,17.2,7,10,2023-10-12T06:01:48,2023-10-12T17:38:31,0.92,Partially cloudy,Partly cloudy throughout the day.,partly-cloudy-day,"44454099999,VNKT,44449099999"
Nepal,2023-10-13,80,63.9,70,80,63.9,70,62.9,79.7,0,0,0,rain,0,0,14.8,12.8,226.7,1020.3,51.6,4.2,211.4,18.4,8,30,2023-10-13T06:02:21,2023-10-13T17:37:28,0.95,Partially cloudy,Partly cloudy throughout the day.,partly-cloudy-day,"44454099999,VNKT,44449099999"
Nepal,2023-10-14,79.4,63.3,69.6,79.4,63.3,69.6,61.4,76.5,0,0,0,rain,0,0,15,16.5,245.3,1019.3,50.2,4,182.7,15.7,7,10,2023-10-14T06:02:55,2023-10-14T17:36:26,0,Partially cloudy,Clearing in the afternoon.,partly-cloudy-day,"44454099999,VNKT,44449099999"
Nepal,2023-10-15,77,59.5,67.3,77,59.5,67.3,59.4,77.4,0,0,0,rain,0,0,14.3,11.4,199.5,1017.8,38.8,4.5,160.9,14,6,30,2023-10-15T06:03:28,2023-10-15T17:35:24,0.02,Partially cloudy,Partly cloudy throughout the day.,partly-cloudy-day,"44454099999,VNKT,44449099999"
Nepal,2023-10-16,77,59.8,67.5,77,59.8,67.5,59.7,77.5,0,0,0,rain,0,0,14.1,10.3,208.8,1019.4,60.9,4.2,141.6,12.3,6,30,2023-10-16T06:04:02,2023-10-16T17:34:23,0.05,Partially cloudy,Partly cloudy throughout the day.,partly-cloudy-day,"44454099999,VNKT,44449099999"
Nepal,2023-10-17,77.3,58.9,66.7,77.3,58.9,66.7,56.9,72.4,0.315,100,4.17,rain,0,0,15.7,10.3,249.9,1020.8,65,5.3,173.5,15,6,10,2023-10-17T06:04:37,2023-10-17T17:33:23,0.09,"Rain, Partially cloudy",Partly cloudy throughout the day with morning rain.,rain,"44454099999,VNKT,44449099999"
Nepal,2023-10-18,77.3,57.5,65.3,77.3,57.5,65.3,57.2,76.7,0,0,0,rain,0,0,15.7,8.1,231.8,1020.5,42.4,4.8,190.7,16.5,7,10,2023-10-18T06:05:12,2023-10-18T17:32:24,0.12,Partially cloudy,Partly cloudy throughout the day.,partly-cloudy-day,"44454099999,VNKT,44449099999"
Nepal,2023-10-19,75.8,54.5,64.9,75.8,54.5,64.9,56.1,75.7,0,0,0,rain,0,0,15.2,9.2,224,1020.7,33.6,5.1,184.8,15.9,7,10,2023-10-19T06:05:47,2023-10-19T17:31:25,0.16,Partially cloudy,Partly cloudy throughout the day.,partly-cloudy-day,"44454099999,VNKT,44449099999"
Nepal,2023-10-20,76.4,55,64.5,76.4,55,64.5,55.7,75.1,0,0,0,rain,0,0,15,9.2,253.1,1021.5,32.3,5.2,199.5,17.2,7,10,2023-10-20T06:06:23,2023-10-20T17:30:28,0.2,Partially cloudy,Partly cloudy throughout the day.,partly-cloudy-day,"44454099999,VNKT,44449099999"
Nepal,2023-10-21,77,55.7,65.1,77,55.7,65.1,54.5,71.3,0,0,0,rain,0,0,13.9,12.8,190.5,1022.4,33.2,5.2,184.1,16.1,7,10,2023-10-21T06:06:59,2023-10-21T17:29:31,0.23,Partially cloudy,Partly cloudy throughout the day.,partly-cloudy-day,"44454099999,VNKT,44449099999"
Nepal,2023-10-22,78.8,51.7,64.5,78.8,51.7,64.5,53.1,68.8,0,0,0,rain,0,0,13,9.2,189.2,1022.6,26,5.1,185.9,16.1,7,10,2023-10-22T06:07:35,2023-10-22T17:28:35,0.25,Partially cloudy,Partly cloudy throughout the day.,partly-cloudy-day,"44454099999,VNKT,44449099999"
Nepal,2023-10-23,77,52.9,64.5,77,52.9,64.5,53.1,70,0,0,0,rain,0,0,15.9,11.4,198.7,1021.5,23.9,5.2,204.4,17.8,7,10,2023-10-23T06:08:12,2023-10-23T17:27:40,0.3,Partially cloudy,Partly cloudy throughout the day.,partly-cloudy-day,"44454099999,VNKT,44449099999"
Nepal,2023-10-24,78.8,51.4,64.5,78.8,51.4,64.5,53.4,70.3,0,0,0,,0,0,16.1,12.8,243.9,1020.5,24.5,5.2,202.7,17.7,7,10,2023-10-24T06:08:50,2023-10-24T17:26:46,0.34,Partially cloudy,Partly cloudy throughout the day.,partly-cloudy-day,"44454099999,VNKT,44449099999"
Nepal,2023-10-25,78.8,53.3,65.5,78.8,53.3,65.5,54,69.8,0,0,0,rain,0,0,14.3,9.2,248,1020.5,27.5,5.7,202.2,17.4,8,10,2023-10-25T06:09:28,2023-10-25T17:25:53,0.37,Partially cloudy,Partly cloudy throughout the day.,partly-cloudy-day,"44454099999,VNKT,remote,44449099999"
Nepal,2023-10-26,77.3,54.7,65.3,77.3,54.7,65.3,54.7,71.1,0,0,0,rain,0,0,15,10.3,214,1020.4,37.5,5.4,260.3,22.4,8,10,2023-10-26T06:10:06,2023-10-26T17:25:01,0.41,Partially cloudy,Partly cloudy throughout the day.,partly-cloudy-day,"44454099999,VNKT,44449099999"
Nepal,2023-10-27,76,52.8,64.2,76,52.8,64.2,54.6,72.9,0,0,0,rain,0,0,12.8,10.3,242.5,1020,36.5,5.6,172.7,15.1,6,10,2023-10-27T06:10:45,2023-10-27T17:24:10,0.44,Partially cloudy,Partly cloudy throughout the day.,partly-cloudy-day,"44454099999,VNKT,remote,44449099999"
Nepal,2023-10-28,75.2,54.1,63.7,75.2,54.1,63.7,53.9,73.1,0,0,0,rain,0,0,17.9,14.9,272.6,1020.8,32.1,5.2,199.6,17.1,8,10,2023-10-28T06:11:24,2023-10-28T17:23:20,0.48,Partially cloudy,Partly cloudy throughout the day.,partly-cloudy-day,"44454099999,VNKT,44449099999"
Nepal,2023-10-29,77,54.3,64.4,77,54.3,64.4,53.4,70.4,0,0,0,rain,0,0,11.9,10.3,289,1021.2,61.7,4.7,160,13.8,6,10,2023-10-29T06:12:04,2023-10-29T17:22:31,0.5,Partially cloudy,Partly cloudy throughout the day.,partly-cloudy-day,"44454099999,VNKT,44449099999"
Nepal,2023-10-30,78.8,53.2,65,78.8,53.2,65,54.8,72.3,0,0,0,rain,0,0,14.3,10.3,245.1,1022,42.9,4.5,189.2,16.3,7,10,2023-10-30T06:12:44,2023-10-30T17:21:43,0.55,Partially cloudy,Becoming cloudy in the afternoon.,partly-cloudy-day,"44454099999,VNKT,44449099999"
Nepal,2023-10-31,78.8,54.7,65.5,78.8,54.7,65.5,55.1,71.9,0,0,0,rain,0,0,14.1,11.4,247.3,1023.8,30.3,5,182.9,15.8,7,10,2023-10-31T06:13:25,2023-10-31T17:20:56,0.58,Partially cloudy,Partly cloudy throughout the day.,partly-cloudy-day,"44454099999,VNKT,44449099999"
Nepal,2023-11-01,73.4,55.9,63.5,73.4,55.9,63.5,55,75.6,0,0,0,,0,0,13.2,5.8,103.5,1023.8,53.9,4.4,141.5,12.1,6,30,2023-11-01T06:14:06,2023-11-01T17:20:11,0.61,Partially cloudy,Partly cloudy throughout the day.,partly-cloudy-day,"44454099999,VNKT,44449099999"
Nepal,2023-11-02,75.2,51.5,63.1,75.2,51.5,63.1,53.6,74.3,0,0,0,,0,0,15.2,10.3,269.2,1021.4,28.1,4.8,182.5,15.6,7,10,2023-11-02T06:14:47,2023-11-02T17:19:26,0.64,Partially cloudy,Partly cloudy throughout the day.,partly-cloudy-day,"44454099999,VNKT,44449099999"
Nepal,2023-11-03,75.3,54.3,63.5,75.3,54.3,63.5,54.8,75.8,0,0,0,rain,0,0,14.3,9.2,227.3,1019.1,45.9,5,158.2,13.5,6,30,2023-11-03T06:15:29,2023-11-03T17:18:43,0.67,Partially cloudy,Partly cloudy throughout the day.,partly-cloudy-day,"44454099999,VNKT,44449099999"
Nepal,2023-11-04,73.9,54.3,63,73.9,54.3,63,55.1,76.8,0,0,0,rain,0,0,14.8,10.3,245.6,1018.6,45.7,4.9,179.9,15.4,7,10,2023-11-04T06:16:11,2023-11-04T17:18:02,0.71,Partially cloudy,Becoming cloudy in the afternoon.,partly-cloudy-day,"44454099999,VNKT,44449099999"
Nepal,2023-11-05,75.2,52.5,62.1,75.2,52.5,62.1,52.6,73.8,0,0,0,,0,0,12.3,8.1,205.3,1020.7,29.4,4.3,196.2,16.9,7,10,2023-11-05T06:16:54,2023-11-05T17:17:21,0.75,Partially cloudy,Partly cloudy throughout the day.,partly-cloudy-day,"44454099999,VNKT,44449099999"
Nepal,2023-11-06,73.4,52.1,62,73.4,52.1,62,54.3,77.6,0,0,0,rain,0,0,13.6,10.3,246.7,1021.9,34.3,3,162.4,14,7,10,2023-11-06T06:17:37,2023-11-06T17:16:42,0.77,Partially cloudy,Partly cloudy throughout the day.,partly-cloudy-day,"44454099999,VNKT,44449099999"
Nepal,2023-11-07,75.2,51.5,61.9,75.2,51.5,61.9,53.8,77,0,0,0,,0,0,15,11.4,251.5,1020.8,27.7,3.4,170.8,14.6,7,10,2023-11-07T06:18:21,2023-11-07T17:16:04,0.8,Partially cloudy,Partly cloudy throughout the day.,partly-cloudy-day,"44454099999,VNKT,44449099999"
Nepal,2023-11-08,73.4,50.7,61.2,73.4,50.7,61.2,50,70.1,0,0,0,,0,0,17.2,11.4,275.6,1019.7,28.6,4.2,191.8,16.6,7,10,2023-11-08T06:19:04,2023-11-08T17:15:27,0.83,Partially cloudy,Partly cloudy throughout the day.,partly-cloudy-day,"44454099999,VNKT,44449099999"
Nepal,2023-11-09,73.4,48.9,60.2,73.4,48.1,60.2,48.3,67.6,0,0,0,,0,0,13.4,8.1,180.8,1020.2,28.1,4.6,175.2,14.9,7,10,2023-11-09T06:19:49,2023-11-09T17:14:52,0.87,Partially cloudy,Partly cloudy throughout the day.,partly-cloudy-day,"44454099999,VNKT,44449099999"
Nepal,2023-11-10,73.4,50,60.3,73.4,50,60.3,50.9,73.5,0,0,0,,0,0,15.2,12.8,229.7,1021.9,30.8,4,163.7,14.2,6,10,2023-11-10T06:20:33,2023-11-10T17:14:18,0.9,Partially cloudy,Partly cloudy throughout the day.,partly-cloudy-day,"44454099999,VNKT,44449099999"
Nepal,2023-11-11,70.5,51.1,59.2,70.5,51.1,59.2,52.5,79.9,0,0,0,,0,0,18.3,12.8,304.8,1022.8,40.7,3.7,156.8,13.6,7,10,2023-11-11T06:21:18,2023-11-11T17:13:46,0.93,Partially cloudy,Becoming cloudy in the afternoon.,partly-cloudy-day,"44454099999,VNKT,44449099999"
Nepal,2023-11-12,73.4,48.5,60,73.4,47.6,59.9,50.9,74.9,0,0,0,,0,0,14.1,9.2,204.2,1022.9,28.1,3.6,198.1,17.1,7,10,2023-11-12T06:22:03,2023-11-12T17:13:15,0.96,Partially cloudy,Partly cloudy throughout the day.,partly-cloudy-day,"44454099999,VNKT,44449099999"
Nepal,2023-11-13,72.8,50.3,60.6,72.8,50.3,60.6,52.5,76.4,0.004,100,4.17,rain,0,0,13.2,12.8,195.8,1022.9,29.3,4.8,187.1,16.1,7,10,2023-11-13T06:22:49,2023-11-13T17:12:45,0,"Rain, Partially cloudy",Partly cloudy throughout the day with afternoon rain.,rain,"44454099999,VNKT,remote,44449099999"
Nepal,2023-11-14,75.2,50.2,61.3,75.2,50.2,61.3,51,71.9,0,0,0,rain,0,0,11.2,10.3,250.3,1023.3,33.1,4.2,144.9,12.5,7,10,2023-11-14T06:23:34,2023-11-14T17:12:17,0.03,Partially cloudy,Partly cloudy throughout the day.,partly-cloudy-day,"44454099999,VNKT,44449099999"
Nepal,2023-11-15,75.2,50.9,61.4,75.2,50.9,61.4,52.3,74.5,0.004,100,4.17,rain,0,0,13.9,14.6,222.9,1022.9,29.3,4.6,173.6,14.9,7,10,2023-11-15T06:24:20,2023-11-15T17:11:50,0.07,"Rain, Partially cloudy",Partly cloudy throughout the day with early morning rain.,rain,"44454099999,VNKT,44449099999"
Nepal,2023-11-16,75.2,50.8,61.4,75.2,50.8,61.4,52.4,75.2,0,0,0,,0,0,14.1,11,135.2,1024.4,28.1,4.5,169.9,14.5,7,10,2023-11-16T06:25:06,2023-11-16T17:11:25,0.1,Partially cloudy,Partly cloudy throughout the day.,partly-cloudy-day,"44454099999,VNKT,44449099999"
Nepal,2023-11-17,73.4,50.3,60.9,73.4,50.3,60.9,51.5,73.6,0,0,0,,0,0,13.9,12.8,285.8,1023.9,28.1,4.7,173,15,7,10,2023-11-17T06:25:53,2023-11-17T17:11:02,0.14,Partially cloudy,Partly cloudy throughout the day.,partly-cloudy-day,"44454099999,VNKT,44449099999"
Nepal,2023-11-18,71.6,50.7,60.5,71.6,50.7,60.5,51.4,74.2,0,0,0,,0,0,21.5,11.4,289.4,1022.1,35.2,5.1,144.6,12.5,5,10,2023-11-18T06:26:39,2023-11-18T17:10:40,0.17,Partially cloudy,Partly cloudy throughout the day.,partly-cloudy-day,"44454099999,VNKT,44449099999"
Nepal,2023-11-19,73.4,50.5,60.8,73.4,50.5,60.8,51.9,74.7,0,0,0,,0,0,13.9,8.1,212.7,1023.2,28.1,4.7,148.6,12.9,6,10,2023-11-19T06:27:26,2023-11-19T17:10:19,0.21,Partially cloudy,Partly cloudy throughout the day.,partly-cloudy-day,"44454099999,VNKT,44449099999"
Nepal,2023-11-20,75.2,50,61.2,75.2,50,61.2,52.4,75.8,0,0,0,,0,0,14.8,9.2,204,1022.5,28.1,4.9,181.9,15.5,7,10,2023-11-20T06:28:13,2023-11-20T17:10:00,0.25,Partially cloudy,Partly cloudy throughout the day.,partly-cloudy-day,"44454099999,VNKT,44449099999"
Nepal,2023-11-21,71.6,51,60.8,71.6,51,60.8,53.2,78.1,0,0,0,,0,0,14.8,11.4,265.6,1020,30.7,4.8,173.6,14.9,7,10,2023-11-21T06:29:00,2023-11-21T17:09:43,0.28,Partially cloudy,Partly cloudy throughout the day.,partly-cloudy-day,"44454099999,VNKT,44449099999"
Nepal,2023-11-22,71.6,51.9,60.2,71.6,51.9,60.2,52.3,77.3,0,0,0,,0,0,11.4,10.3,188.5,1019.2,40.1,4.4,148.5,12.8,6,10,2023-11-22T06:29:47,2023-11-22T17:09:27,0.32,Partially cloudy,Clearing in the afternoon.,partly-cloudy-day,"44454099999,VNKT,44449099999"
Nepal,2023-11-23,71.6,50.5,60.3,71.6,50.5,60.3,51.9,75.9,0,0,0,rain,0,0,14.3,8.1,200.6,1019.5,34.8,4.5,167.6,14.4,7,10,2023-11-23T06:30:34,2023-11-23T17:09:12,0.35,Partially cloudy,Partly cloudy throughout the day.,partly-cloudy-day,"44454099999,VNKT,44449099999"
Nepal,2023-11-24,71.6,51,60.5,71.6,51,60.5,52.4,76.8,0,0,0,rain,0,0,16.1,8.1,191.7,1020.8,28.1,4.2,160.7,13.9,7,10,2023-11-24T06:31:20,2023-11-24T17:09:00,0.39,Partially cloudy,Partly cloudy throughout the day.,partly-cloudy-day,"44454099999,VNKT,44449099999"
Nepal,2023-11-25,71.6,54.9,60.8,71.6,54.9,60.8,53.3,78.1,0,0,0,rain,0,0,12.3,9.2,241.3,1022.6,50.7,4.3,143.6,12.3,6,10,2023-11-25T06:32:07,2023-11-25T17:08:49,0.42,Partially cloudy,Clearing in the afternoon.,partly-cloudy-day,"44454099999,VNKT,44449099999"
Nepal,2023-11-26,75.2,51.8,61.3,75.2,51.8,61.3,52,74,0,0,0,,0,0,12.1,6.9,33.4,1024.4,36.9,4.1,175.5,15.1,7,10,2023-11-26T06:32:54,2023-11-26T17:08:39,0.46,Partially cloudy,Partly cloudy throughout the day.,partly-cloudy-day,"44454099999,VNKT"
Nepal,2023-11-27,71.6,51,59.9,71.6,51,59.9,51.5,75.5,0,0,0,rain,0,0,15.7,10.3,245.7,1022.6,66.5,4.8,133.6,11.4,6,10,2023-11-27T06:33:41,2023-11-27T17:08:31,0.5,Partially cloudy,Partly cloudy throughout the day.,partly-cloudy-day,"44454099999,VNKT,remote"
Nepal,2023-11-28,69.8,55.4,61,69.8,55.4,61,52.2,74.4,0,0,0,rain,0,0,13.9,9.2,248.1,1020.8,85.1,4.6,148.6,12.7,6,10,2023-11-28T06:34:27,2023-11-28T17:08:25,0.53,Partially cloudy,Partly cloudy throughout the day.,partly-cloudy-day,"44454099999,VNKT"
Nepal,2023-11-29,71.6,51.8,60.1,71.6,51.8,60.1,51.4,74.8,0,0,0,rain,0,0,14.3,11.4,270.7,1021.3,43.4,4.3,156.3,13.4,6,10,2023-11-29T06:35:13,2023-11-29T17:08:20,0.56,Partially cloudy,Partly cloudy throughout the day.,partly-cloudy-day,"44454099999,VNKT"
Nepal,2023-11-30,66.2,50,57.6,66.2,50,57.6,51.1,80.3,0,0,0,,0,0,14.1,4.7,220.2,1022.4,62.2,3.7,145.6,12.5,6,10,2023-11-30T06:36:00,2023-11-30T17:08:17,0.59,Partially cloudy,Partly cloudy throughout the day.,partly-cloudy-day,"44454099999,VNKT"
Nepal,2023-12-01,71.6,51.8,59.4,71.6,51.8,59.4,49.7,72.8,0,0,0,,0,0,13,11.4,247.3,1021.8,47.4,4.2,153.3,13.1,6,10,2023-12-01T06:36:45,2023-12-01T17:08:16,0.62,Partially cloudy,Partly cloudy throughout the day.,partly-cloudy-day,"44454099999,VNKT"
Nepal,2023-12-02,73.4,50,59,73.4,50,59,46.6,68.2,0,0,0,,0,0,15.9,8.1,262.7,1021.9,31.8,5,172.5,15,7,10,2023-12-02T06:37:31,2023-12-02T17:08:16,0.66,Partially cloudy,Partly cloudy throughout the day.,partly-cloudy-day,"44454099999,VNKT"
Nepal,2023-12-03,71.6,46.4,57.7,71.6,45.3,57.5,44.6,65.7,0,0,0,,0,0,17,5.8,318.3,1022.3,33.2,4.9,183.4,16,7,10,2023-12-03T06:38:16,2023-12-03T17:08:18,0.69,Partially cloudy,Partly cloudy throughout the day.,partly-cloudy-day,"44454099999,VNKT"
Nepal,2023-12-04,64.4,48.2,56.3,64.4,47.3,56.2,45.1,67.3,0,0,0,,0,0,14.3,4.7,24.4,1021.5,69.3,4,88.7,7.8,5,10,2023-12-04T06:39:01,2023-12-04T17:08:21,0.72,Partially cloudy,Partly cloudy throughout the day.,partly-cloudy-day,"44454099999,VNKT"
Nepal,2023-12-05,71.6,48.2,58.6,71.6,47.3,58.5,47.8,69.5,0,0,0,rain,0,0,17.7,12.8,264.9,1019.6,55.1,4.2,147.8,12.7,6,10,2023-12-05T06:39:45,2023-12-05T17:08:26,0.75,Partially cloudy,Partly cloudy throughout the day.,partly-cloudy-day,"44454099999,VNKT"
Nepal,2023-12-06,68,48.2,56.8,68,47.3,56.7,48.6,75.7,0,0,0,,0,0,17.4,5.8,199.8,1021.6,69.8,4,169.1,14.6,7,10,2023-12-06T06:40:29,2023-12-06T17:08:33,0.78,Partially cloudy,Partly cloudy throughout the day.,partly-cloudy-day,"44454099999,VNKT"
Nepal,2023-12-07,59,50,54.1,59,50,54.1,50.4,87.4,0,0,0,rain,0,0,12.1,5.8,162.8,1020.2,83.2,2.7,61.3,5.3,2,10,2023-12-07T06:41:12,2023-12-07T17:08:41,0.82,Partially cloudy,Partly cloudy throughout the day.,partly-cloudy-day,"44454099999,VNKT"
Nepal,2023-12-08,68,48.2,55.3,68,47.3,55.2,48.2,79.1,0,0,0,rain,0,0,17.4,9.2,263.9,1018.5,45.6,3.3,134.9,11.8,7,10,2023-12-08T06:41:54,2023-12-08T17:08:51,0.85,Partially cloudy,Partly cloudy throughout the day.,partly-cloudy-day,"44454099999,VNKT"
Nepal,2023-12-09,68,46.4,55.2,68,45.3,55.1,46.6,75.6,0,0,0,rain,0,0,15.9,11.4,241.2,1018.7,51.6,4.2,129.9,11.2,5,10,2023-12-09T06:42:37,2023-12-09T17:09:02,0.88,Partially cloudy,Partly cloudy throughout the day.,partly-cloudy-day,"44454099999,VNKT"
Nepal,2023-12-10,66.2,44.6,54.1,66.2,44.6,54,44.9,73.6,0,0,0,,0,0,15.7,8.1,219.5,1017.2,33.4,4.3,151.5,13.1,6,10,2023-12-10T06:43:18,2023-12-10T17:09:15,0.91,Partially cloudy,Partly cloudy throughout the day.,partly-cloudy-day,"44454099999,VNKT"
Nepal,2023-12-11,66.2,46.4,54.6,66.2,45.3,54.5,45.6,73.7,0,0,0,,0,0,15,10.3,201.5,1019.3,46.1,4,113.5,9.7,5,10,2023-12-11T06:43:59,2023-12-11T17:09:29,0.94,Partially cloudy,Becoming cloudy in the afternoon.,partly-cloudy-day,"44454099999,VNKT"
Nepal,2023-12-12,66.2,44.6,54.6,66.2,42.1,54.4,44.7,72,0.004,100,4.17,rain,0,0,16.8,9.2,184.9,1018,45.9,4.5,133.2,11.4,6,10,2023-12-12T06:44:39,2023-12-12T17:09:45,0.98,"Rain, Partially cloudy",Becoming cloudy in the afternoon with early morning rain.,rain,"44454099999,VNKT,remote"
Nepal,2023-12-13,64.4,44.6,53.5,64.4,43.2,53.4,44.2,72.8,0,0,0,rain,0,0,15.7,10.3,245.1,1018.2,48.2,4.2,158.5,13.7,6,10,2023-12-13T06:45:18,2023-12-13T17:10:02,0,Partially cloudy,Partly cloudy throughout the day.,partly-cloudy-day,"44454099999,VNKT"
Nepal,2023-12-14,66.2,42.8,52.6,66.2,41.2,52.3,44.4,76.7,0,0,0,,0,0,13.4,10.3,202.5,1019.7,39.4,4.2,150.6,13,6,10,2023-12-14T06:45:56,2023-12-14T17:10:21,0.05,Partially cloudy,Partly cloudy throughout the day.,partly-cloudy-day,"44454099999,VNKT"
Nepal,2023-12-15,64.4,44.6,52.6,64.4,43.2,52.4,45.5,78.7,0,0,0,,0,0,14.8,8.1,219.4,1021.5,31.8,3.6,169.1,14.6,7,10,2023-12-15T06:46:34,2023-12-15T17:10:41,0.08,Partially cloudy,Partly cloudy throughout the day.,partly-cloudy-day,"44454099999,VNKT"
Nepal,2023-12-16,64.4,46.4,53.8,64.4,45.3,53.8,45,74.2,0,0,0,,0,0,15.4,6.9,232.3,1019.9,60.5,3.5,167.9,14.5,6,10,2023-12-16T06:47:10,2023-12-16T17:11:03,0.12,Partially cloudy,Partly cloudy throughout the day.,partly-cloudy-day,"44454099999,VNKT"
Nepal,2023-12-17,68,48.2,55.7,68,48.2,55.7,45.9,71.9,0,0,0,,0,0,15.2,9.2,174.3,1020.5,52.9,3.7,154.9,13.4,6,10,2023-12-17T06:47:46,2023-12-17T17:11:26,0.15,Partially cloudy,Partly cloudy throughout the day.,partly-cloudy-day,"44454099999,VNKT"
Nepal,2023-12-18,66.2,48.2,54.1,66.2,47.3,54,44.7,72.8,0,0,0,,0,0,16.1,10.3,243.6,1021.2,50,4.2,171.5,14.8,7,10,2023-12-18T06:48:21,2023-12-18T17:11:50,0.19,Partially cloudy,Partly cloudy throughout the day.,partly-cloudy-day,"44454099999,VNKT"
Nepal,2023-12-19,64.4,42.8,52.1,64.4,41.2,51.9,42.4,72.4,0,0,0,,0,0,15.9,8.1,199.1,1022,42.3,4.2,152.2,13.1,6,10,2023-12-19T06:48:55,2023-12-19T17:12:16,0.22,Partially cloudy,Partly cloudy throughout the day.,partly-cloudy-day,"44454099999,VNKT"
Nepal,2023-12-20,66.2,42.8,51.9,66.2,42.8,51.7,42.8,73.7,0,0,0,,0,0,14.5,6.9,260.5,1022.6,59.1,4.4,153.8,13.3,6,10,2023-12-20T06:49:27,2023-12-20T17:12:43,0.25,Partially cloudy,Partly cloudy throughout the day.,partly-cloudy-day,"44454099999,VNKT,remote"
Nepal,2023-12-21,68,41,52.9,68,37.9,52.6,41.8,69.6,0,0,0,,0,0,14.8,9.2,230.6,1021.1,43.1,3.8,173.3,14.9,7,10,2023-12-21T06:49:59,2023-12-21T17:13:11,0.29,Partially cloudy,Partly cloudy throughout the day.,partly-cloudy-day,"44454099999,VNKT"
Nepal,2023-12-22,66.2,42.8,53.1,66.2,41.2,52.9,42.1,69.2,0,0,0,,0,0,14.1,8.1,223.7,1021.6,62.5,4,165.4,14.2,7,10,2023-12-22T06:50:29,2023-12-22T17:13:41,0.33,Partially cloudy,Partly cloudy throughout the day.,partly-cloudy-day,"44454099999,VNKT"
Nepal,2023-12-23,68,44.6,54,68,43.2,53.8,42.9,68.9,0,0,0,,0,0,13.6,5.8,152.8,1024.3,43.6,3.7,141.9,12.3,6,10,2023-12-23T06:50:59,2023-12-23T17:14:11,0.37,Partially cloudy,Partly cloudy throughout the day.,partly-cloudy-day,"44454099999,VNKT"
Nepal,2023-12-24,66.2,42.8,52.8,66.2,41.2,52.5,43.4,72.6,0,0,0,,0,0,17.9,10.3,276.9,1024.6,27.1,4.5,159.4,13.7,6,10,2023-12-24T06:51:27,2023-12-24T17:14:43,0.4,Partially cloudy,Partly cloudy throughout the day.,partly-cloudy-day,"44454099999,VNKT,remote"
Nepal,2023-12-25,66.2,42.8,53.6,66.2,40,53.3,44.4,73.4,0,0,0,,0,0,13.6,11.4,151.1,1023.5,33.4,4.4,174.4,14.9,7,10,2023-12-25T06:51:54,2023-12-25T17:15:16,0.44,Partially cloudy,Becoming cloudy in the afternoon.,partly-cloudy-day,"44454099999,VNKT"
Nepal,2023-12-26,68,42.8,54.7,68,40,54.4,46.6,76.2,0,0,0,,0,0,13.2,6.9,162.1,1023.2,29.9,4.2,174.8,15,7,10,2023-12-26T06:52:19,2023-12-26T17:15:51,0.47,Partially cloudy,Partly cloudy throughout the day.,partly-cloudy-day,"44454099999,VNKT"
Nepal,2023-12-27,68,48.2,55.6,68,47.3,55.6,47,75.5,0,0,0,rain,0,0,14.8,8.1,187.4,1024,38.4,4.3,168,14.5,6,10,2023-12-27T06:52:44,2023-12-27T17:16:26,0.5,Partially cloudy,Partly cloudy throughout the day.,partly-cloudy-day,"44454099999,VNKT"
Nepal,2023-12-28,68,48.2,56.1,68,48.2,56.1,47,73.9,0,0,0,rain,0,0,13.2,8.1,208.2,1022.9,60.2,4.1,134.7,11.5,5,10,2023-12-28T06:53:07,2023-12-28T17:17:02,0.54,Partially cloudy,Partly cloudy throughout the day.,partly-cloudy-day,"44454099999,VNKT"
Nepal,2023-12-29,68,46.4,55.6,68,45.3,55.5,46.9,74.8,0,0,0,,0,0,12.1,8.1,229.2,1023.1,31.6,4,160.3,13.7,6,10,2023-12-29T06:53:28,2023-12-29T17:17:40,0.57,Partially cloudy,Partly cloudy throughout the day.,partly-cloudy-day,"44454099999,VNKT"
Nepal,2023-12-30,68,44.6,54.6,68,43.2,54.4,46.5,76.1,0,0,0,,0,0,13.2,11.4,244.1,1021.5,29.6,5.2,152.2,12.9,6,10,2023-12-30T06:53:49,2023-12-30T17:18:18,0.6,Partially cloudy,Partly cloudy throughout the day.,partly-cloudy-day,"44454099999,VNKT,remote"
Nepal,2023-12-31,68,46.4,54.7,68,45.3,54.5,45.8,74.7,0,0,0,,0,0,13.9,10.3,209.6,1021.1,31.6,4.4,153.3,13,6,10,2023-12-31T06:54:08,2023-12-31T17:18:57,0.64,Partially cloudy,Partly cloudy throughout the day.,partly-cloudy-day,"44454099999,VNKT"
